,row,left_coord,right_coord,value,locales
0,0,9,11,662,['below']
1,0,16,17,71,['below']
2,0,46,48,805,['below']
3,0,59,61,862,['below']
4,0,63,65,680,['below']
5,1,20,22,811,['below']
6,1,33,35,846,['below']
7,1,38,40,855,['below']
8,1,73,75,230,['below']
9,1,77,78,92,['next']
10,1,130,131,92,['below']
11,2,10,12,360,['above']
12,2,28,30,664,['below']
13,2,42,44,881,['below']
14,2,48,50,677,['above']
15,2,54,56,934,['below']
16,2,58,60,780,['above']
17,2,83,83,8,['below']
18,2,90,92,654,['below']
19,2,99,101,959,['next']
20,2,107,109,539,['above']
21,2,120,121,21,['below']
22,3,38,40,379,['above']
23,3,73,75,969,['above']
24,3,95,97,976,['above']
25,3,112,114,872,['below']
26,3,131,133,579,['above']
27,4,7,9,566,['below']
28,4,16,18,652,['below']
29,4,22,24,809,['above']
30,4,29,31,482,['above']
31,4,33,35,394,['below']
32,4,42,44,492,['above']
33,4,47,49,303,['below']
34,4,51,53,650,['above']
35,4,62,63,38,['above']
36,4,84,86,106,['above']
37,4,90,92,385,['above']
38,4,117,119,793,['above']
39,4,126,128,865,['above']
40,5,58,60,220,['above']
41,5,66,68,349,['above']
42,5,72,74,691,['below']
43,5,78,80,392,['next']
44,5,104,106,797,['below']
45,6,5,6,11,['above']
46,6,13,15,890,['below']
47,6,24,26,870,['below']
48,6,34,36,156,['above']
49,6,49,51,733,['above']
50,6,82,84,921,['above']
51,6,127,129,203,['above']
52,7,17,19,238,['below']
53,7,53,55,188,['below']
54,7,62,64,294,['below']
55,7,67,68,58,['next']
56,7,77,79,408,['below']
57,7,95,97,677,['below']
58,7,105,107,778,['above']
59,7,112,114,104,['above']
60,8,1,3,411,['next']
61,8,24,26,706,['above']
62,8,32,34,249,['below']
63,8,43,45,638,['below']
64,8,49,51,848,['next']
65,8,81,83,948,['next']
66,8,121,123,917,['below']
67,8,131,133,817,['above']
68,8,137,139,346,['below']
69,9,16,17,69,['above']
70,9,38,40,310,['above']
71,9,58,60,118,['next']
72,9,68,70,428,['next']
73,9,74,76,785,['below']
74,9,96,98,931,['above']
75,9,102,104,217,['above']
76,9,110,112,934,['above']
77,9,117,119,475,['below']
78,10,3,5,844,['below']
79,10,7,9,885,['below']
80,10,20,21,66,['next']
81,10,33,35,587,['above']
82,10,43,44,74,['above']
83,10,48,50,773,['above']
84,10,62,64,194,['above']
85,10,84,86,107,['next']
86,10,135,137,375,['above']
87,11,11,13,826,['below']
88,11,15,17,190,['below']
89,11,25,27,498,['below']
90,11,77,79,212,['below']
91,11,108,110,398,['below']
92,11,122,124,474,['next']
93,11,126,128,925,['next']
94,12,31,33,949,['below']
95,12,39,41,213,['below']
96,12,44,46,353,['next']
97,12,92,94,853,['below']
98,12,101,102,33,['next']
99,12,104,106,164,['next']
100,12,116,118,998,['below']
101,12,134,136,325,['below']
102,13,8,10,640,['above']
103,13,13,15,823,['above']
104,13,20,22,957,['below']
105,13,35,37,746,['above']
106,13,50,52,777,['next']
107,13,76,78,264,['below']
108,13,86,88,904,['next']
109,14,26,28,457,['below']
110,14,41,43,325,['above']
111,14,46,48,390,['above']
112,14,60,62,618,['below']
113,14,72,74,265,['below']
114,14,80,82,670,['next']
115,14,100,102,165,['next']
116,14,111,113,909,['below']
117,14,116,118,634,['above']
118,14,126,128,810,['above']
119,15,21,23,503,['above']
120,15,31,33,438,['below']
121,15,36,38,904,['next']
122,15,66,68,563,['below']
123,15,84,86,345,['next']
124,15,94,96,597,['above']
125,15,106,108,758,['below']
126,15,131,133,154,['next']
127,16,3,5,941,['below']
128,16,25,27,612,['above']
129,16,40,42,691,['above']
130,16,52,54,336,['above']
131,16,62,64,837,['above']
132,16,72,74,489,['above']
133,16,110,112,462,['above']
134,16,121,123,995,['below']
135,16,127,129,106,['above']
136,17,7,9,383,['next']
137,17,34,36,911,['below']
138,17,48,50,467,['above']
139,17,68,69,44,['above']
140,17,87,89,445,['next']
141,17,97,99,765,['below']
142,17,101,103,647,['below']
143,17,106,108,464,['above']
144,17,133,135,226,['below']
145,18,22,24,151,['below']
146,18,30,32,116,['next']
147,18,42,44,249,['above']
148,18,63,65,929,['next']
149,18,74,76,500,['above']
150,18,79,81,140,['below']
151,18,91,92,18,['above']
152,18,110,112,823,['below']
153,18,118,120,454,['below']
154,19,18,20,968,['below']
155,19,50,52,118,['next']
156,19,84,86,762,['below']
157,19,132,132,8,['above']
158,20,5,7,304,['below']
159,20,25,27,620,['below']
160,20,34,36,573,['below']
161,20,38,40,878,['below']
162,20,79,81,273,['above']
163,20,90,92,572,['below']
164,20,108,110,661,['above']
165,20,119,121,527,['above']
166,20,123,125,971,['next']
167,20,134,136,259,['below']
168,21,18,19,83,['above']
169,21,29,31,983,['above']
170,21,71,73,492,['above']
171,21,75,77,166,['above']
172,21,83,85,339,['above']
173,21,95,97,978,['next']
174,21,113,115,373,['below']
175,21,127,129,340,['above']
176,22,1,3,761,['above']
177,22,6,8,758,['below']
178,22,12,14,934,['below']
179,22,33,35,550,['above']
180,22,37,39,148,['above']
181,22,89,90,25,['above']
182,22,120,122,236,['next']
183,22,136,138,624,['above']
184,23,19,21,393,['below']
185,23,24,25,62,['next']
186,23,44,46,167,['next']
187,23,50,52,716,['below']
188,23,84,86,380,['below']
189,23,99,101,873,['next']
190,23,103,105,812,['next']
191,23,107,109,362,['below']
192,23,111,113,115,['above']
193,23,116,118,537,['above']
194,24,14,16,697,['above']
195,24,27,29,159,['above']
196,24,61,63,522,['above']
197,24,78,79,41,['below']
198,24,120,122,812,['below']
199,24,129,130,13,['below']
200,25,4,6,529,['above']
201,25,20,22,374,['above']
202,25,65,67,143,['below']
203,25,86,88,109,['above']
204,25,96,98,365,['above']
205,25,109,111,952,['above']
206,26,11,13,122,['next']
207,26,30,32,555,['above']
208,26,34,36,937,['above']
209,26,43,45,674,['below']
210,26,76,78,774,['above']
211,26,81,83,371,['below']
212,26,103,104,38,['below']
213,26,124,126,304,['above']
214,26,128,130,750,['above']
215,26,135,137,715,['below']
216,27,18,20,873,['next']
217,27,26,28,819,['below']
218,27,39,41,165,['below']
219,27,49,51,928,['next']
220,27,53,55,345,['next']
221,27,91,92,77,['below']
222,27,99,101,478,['above']
223,27,114,116,743,['above']
224,28,14,16,417,['below']
225,28,22,24,802,['above']
226,28,34,36,230,['below']
227,28,44,46,509,['above']
228,28,65,67,573,['below']
229,28,79,81,219,['above']
230,28,85,87,675,['below']
231,28,94,96,865,['below']
232,28,104,105,13,['above']
233,28,118,119,25,['below']
234,28,121,122,62,['next']
235,28,124,124,4,['next']
236,28,128,130,980,['below']
237,28,133,135,145,['above']
238,29,5,7,556,['next']
239,29,30,32,278,['next']
240,29,59,60,85,['next']
241,29,108,110,442,['below']
242,30,1,3,972,['above']
243,30,25,27,541,['below']
244,30,39,40,91,['next']
245,30,42,44,614,['next']
246,30,47,49,485,['below']
247,30,65,67,680,['above']
248,30,70,72,792,['below']
249,30,85,87,541,['above']
250,30,102,104,486,['above']
251,30,114,116,653,['below']
252,30,127,129,247,['above']
253,30,132,134,778,['below']
254,31,7,9,680,['below']
255,31,29,31,980,['next']
256,31,33,35,710,['next']
257,31,52,54,494,['below']
258,31,77,78,88,['above']
259,31,106,108,825,['below']
260,31,119,121,629,['above']
261,32,14,16,439,['below']
262,32,26,27,89,['above']
263,32,39,41,430,['next']
264,32,47,49,401,['above']
265,32,56,58,660,['next']
266,32,72,74,407,['next']
267,32,88,90,883,['next']
268,32,96,98,265,['next']
269,32,111,113,438,['below']
270,33,8,10,390,['above']
271,33,21,23,388,['below']
272,33,43,45,861,['above']
273,33,106,108,798,['above']
274,34,2,4,417,['next']
275,34,13,15,551,['above']
276,34,17,19,102,['below']
277,34,36,38,332,['below']
278,34,52,54,804,['next']
279,34,60,62,463,['next']
280,34,64,66,649,['next']
281,34,69,71,188,['below']
282,34,81,83,992,['below']
283,34,89,91,754,['below']
284,34,93,95,203,['below']
285,34,100,102,912,['below']
286,34,113,115,732,['above']
287,34,117,119,490,['below']
288,35,43,45,214,['below']
289,35,47,49,134,['below']
290,35,73,75,805,['next']
291,35,130,132,934,['below']
292,36,4,6,835,['below']
293,36,16,18,622,['above']
294,36,37,39,541,['above']
295,36,51,53,861,['below']
296,36,58,60,442,['below']
297,36,65,67,874,['below']
298,36,78,80,458,['above']
299,36,84,86,955,['above']
300,36,90,92,985,['above']
301,36,95,97,172,['above']
302,36,103,105,497,['above']
303,36,107,109,310,['above']
304,36,118,120,341,['above']
305,36,136,138,644,['above']
306,37,11,13,246,['below']
307,37,20,22,909,['below']
308,37,27,29,320,['below']
309,37,43,45,893,['above']
310,37,47,49,150,['above']
311,37,74,76,717,['below']
312,37,125,127,833,['above']
313,37,129,131,178,['above']
314,38,3,5,622,['above']
315,38,39,41,681,['below']
316,38,52,54,414,['above']
317,38,61,63,612,['above']
318,38,66,68,678,['above']
319,38,85,87,336,['below']
320,38,111,113,715,['below']
321,39,11,13,407,['above']
322,39,21,23,611,['below']
323,39,29,30,42,['above']
324,39,43,45,159,['next']
325,39,89,90,97,['below']
326,39,105,107,355,['above']
327,39,123,125,954,['next']
328,40,7,9,967,['below']
329,40,15,17,120,['below']
330,40,84,86,519,['above']
331,40,97,99,382,['below']
332,40,112,114,974,['above']
333,41,33,35,539,['below']
334,41,52,54,132,['next']
335,41,61,63,702,['below']
336,41,75,77,923,['below']
337,41,93,95,905,['next']
338,41,122,124,971,['below']
339,42,4,6,453,['below']
340,42,10,12,149,['above']
341,42,16,18,717,['above']
342,42,20,22,400,['below']
343,42,45,47,618,['below']
344,42,56,58,295,['above']
345,42,67,69,644,['above']
346,42,81,83,786,['below']
347,42,108,110,287,['below']
348,43,36,38,810,['above']
349,43,49,51,908,['next']
350,43,97,99,168,['below']
351,43,103,105,903,['above']
352,44,23,25,483,['above']
353,44,28,30,750,['below']
354,44,32,34,108,['below']
355,44,45,47,570,['above']
356,44,67,69,934,['below']
357,44,76,78,523,['below']
358,44,81,83,736,['above']
359,44,89,91,889,['above']
360,44,108,110,557,['above']
361,44,118,120,913,['above']
362,44,125,127,107,['above']
363,44,129,131,852,['below']
364,44,134,136,241,['below']
365,45,71,73,974,['next']
366,45,85,86,42,['above']
367,45,99,101,268,['above']
368,46,12,14,610,['below']
369,46,50,52,894,['below']
370,46,78,80,242,['below']
371,46,122,124,150,['below']
372,47,20,22,907,['below']
373,47,28,30,924,['above']
374,47,34,36,529,['below']
375,47,38,40,267,['below']
376,47,67,69,692,['next']
377,47,71,73,505,['next']
378,47,84,86,265,['next']
379,47,104,105,95,['above']
380,48,4,6,137,['below']
381,48,56,58,347,['above']
382,48,61,63,268,['above']
383,48,77,79,753,['above']
384,48,100,101,12,['above']
385,48,127,129,955,['below']
386,49,11,13,258,['below']
387,49,31,33,854,['above']
388,49,36,38,253,['above']
389,49,42,43,15,['below']
390,49,68,70,506,['below']
391,49,93,95,559,['below']
392,50,5,7,376,['above']
393,50,17,19,892,['below']
394,50,74,76,593,['above']
395,50,105,107,682,['above']
396,50,118,120,750,['above']
397,50,123,124,10,['below']
398,50,131,133,187,['above']
399,50,137,139,540,['below']
400,51,11,13,866,['above']
401,51,40,42,437,['above']
402,51,47,49,994,['above']
403,51,56,58,730,['below']
404,51,63,65,404,['above']
405,51,69,71,703,['above']
406,51,88,90,507,['below']
407,51,127,129,126,['below']
408,52,4,6,300,['below']
409,52,33,35,315,['above']
410,52,80,82,572,['below']
411,52,95,97,793,['above']
412,52,105,107,309,['below']
413,52,109,111,518,['below']
414,52,113,115,437,['below']
415,52,118,120,182,['below']
416,52,122,124,310,['above']
417,53,10,12,176,['next']
418,53,14,16,129,['next']
419,53,26,28,882,['above']
420,53,57,59,256,['above']
421,53,75,77,249,['below']
422,53,127,128,71,['above']
423,53,132,133,76,['above']
424,54,6,7,54,['below']
425,54,18,20,910,['above']
426,54,40,42,734,['below']
427,54,70,72,445,['below']
428,54,84,86,807,['above']
429,54,92,93,75,['below']
430,54,95,97,907,['below']
431,54,102,104,477,['next']
432,55,30,32,247,['above']
433,55,34,36,855,['above']
434,55,45,47,647,['above']
435,55,59,61,558,['above']
436,55,65,67,407,['below']
437,55,135,137,129,['below']
438,56,6,8,322,['above']
439,56,11,13,235,['below']
440,56,21,23,821,['below']
441,56,50,52,767,['above']
442,56,69,70,35,['next']
443,56,81,83,824,['below']
444,56,85,87,338,['below']
445,56,89,90,55,['below']
446,56,95,97,232,['above']
447,56,101,103,814,['below']
448,56,120,122,546,['next']
449,56,124,126,582,['next']
450,57,36,38,509,['above']
451,57,45,47,270,['below']
452,57,56,57,33,['next']
453,57,61,63,673,['below']
454,57,132,134,257,['above']
455,58,4,6,793,['next']
456,58,8,10,831,['next']
457,58,15,17,805,['above']
458,58,19,21,871,['below']
459,58,27,29,701,['below']
460,58,40,42,503,['below']
461,58,75,77,710,['below']
462,58,84,85,37,['below']
463,58,100,102,897,['above']
464,58,111,113,516,['above']
465,58,119,121,330,['below']
466,58,125,127,371,['below']
467,59,23,25,324,['next']
468,59,52,54,875,['below']
469,59,63,65,293,['below']
470,59,88,90,510,['above']
471,59,105,107,332,['above']
472,59,130,130,2,['next']
473,59,132,134,558,['next']
474,60,18,20,147,['above']
475,60,43,45,926,['next']
476,60,69,71,426,['below']
477,60,75,77,142,['above']
478,60,101,103,184,['below']
479,60,119,121,746,['above']
480,61,12,14,755,['above']
481,61,22,24,285,['below']
482,61,37,39,221,['next']
483,61,86,88,571,['below']
484,61,94,96,539,['above']
485,61,114,116,644,['above']
486,61,130,132,333,['below']
487,62,29,31,499,['below']
488,62,55,57,510,['above']
489,62,65,67,257,['above']
490,62,78,80,583,['below']
491,62,100,102,408,['above']
492,63,21,23,396,['above']
493,63,42,44,493,['above']
494,63,70,72,489,['next']
495,63,74,76,380,['next']
496,63,90,92,908,['below']
497,63,94,96,711,['below']
498,63,122,124,561,['below']
499,63,131,132,24,['above']
500,63,135,137,559,['below']
501,64,29,31,548,['above']
502,64,33,35,769,['above']
503,64,37,39,630,['above']
504,64,50,52,504,['next']
505,64,62,64,893,['below']
506,64,81,83,605,['above']
507,64,127,129,653,['below']
508,65,9,11,418,['next']
509,65,23,25,576,['next']
510,65,57,59,815,['below']
511,65,76,78,481,['below']
512,65,96,98,859,['below']
513,65,100,102,180,['above']
514,65,123,125,137,['above']
515,65,133,135,275,['above']
516,66,2,3,77,['below']
517,66,15,17,551,['below']
518,66,19,21,901,['above']
519,66,42,44,683,['above']
520,66,62,64,638,['above']
521,66,85,87,671,['above']
522,66,89,91,908,['above']
523,66,104,106,360,['below']
524,66,112,114,611,['below']
525,66,119,121,136,['below']
526,67,23,25,722,['below']
527,67,53,55,702,['below']
528,67,69,71,514,['below']
529,67,125,127,315,['next']
530,67,135,137,147,['below']
531,68,7,9,830,['below']
532,68,37,39,377,['next']
533,68,48,49,39,['below']
534,68,63,65,384,['below']
535,68,78,80,748,['below']
536,68,83,85,265,['below']
537,68,92,94,271,['below']
538,68,113,115,882,['above']
539,68,131,132,45,['above']
540,69,2,4,329,['below']
541,69,18,20,787,['below']
542,69,22,24,311,['above']
543,69,59,61,115,['below']
544,69,68,70,840,['above']
545,69,99,101,513,['below']
546,69,104,106,695,['below']
547,70,11,13,666,['below']
548,70,32,34,256,['next']
549,70,36,38,999,['next']
550,70,49,51,651,['above']
551,70,72,74,457,['below']
552,70,84,85,34,['above']
553,70,92,94,933,['above']
554,70,128,130,156,['below']
555,71,2,4,627,['above']
556,71,17,18,24,['above']
557,71,56,58,177,['above']
558,71,62,63,22,['below']
559,71,76,78,775,['below']
560,71,87,89,668,['above']
561,71,96,98,685,['above']
562,71,102,104,947,['above']
563,72,9,11,172,['above']
564,72,22,24,295,['next']
565,72,30,32,540,['above']
566,72,39,40,76,['below']
567,72,67,69,337,['below']
568,72,71,73,343,['above']
569,72,121,122,18,['below']
570,72,127,129,914,['above']
571,72,132,134,449,['below']
572,73,13,15,239,['below']
573,73,26,28,163,['above']
574,73,45,47,770,['below']
575,73,89,91,824,['next']
576,73,93,95,513,['next']
577,74,31,33,841,['below']
578,74,37,39,199,['above']
579,74,59,61,317,['below']
580,75,3,5,570,['below']
581,75,42,44,122,['below']
582,75,52,54,179,['next']
583,75,65,67,138,['below']
584,75,76,78,647,['above']
585,75,85,87,376,['above']
586,75,96,97,65,['below']
587,76,7,9,221,['below']
588,76,12,13,50,['above']
589,76,16,18,350,['below']
590,76,27,29,757,['below']
591,76,35,36,88,['above']
592,76,46,48,582,['next']
593,76,58,60,893,['above']
594,76,92,94,403,['below']
595,76,121,123,865,['below']
596,76,127,129,927,['below']
597,76,134,136,892,['below']
598,77,23,25,130,['above']
599,77,51,53,232,['below']
600,77,63,65,709,['above']
601,77,82,84,105,['below']
602,77,106,108,926,['next']
603,77,117,119,966,['below']
604,78,4,6,200,['below']
605,78,10,12,884,['above']
606,78,27,29,338,['above']
607,78,35,37,155,['next']
608,78,42,44,822,['next']
609,78,46,48,609,['next']
610,78,56,57,84,['below']
611,78,67,69,935,['above']
612,78,90,92,481,['above']
613,78,96,98,968,['below']
614,78,100,101,64,['below']
615,78,121,123,337,['above']
616,78,129,131,152,['above']
617,79,17,19,203,['below']
618,79,32,33,70,['above']
619,79,125,127,627,['below']
620,80,7,9,491,['above']
621,80,25,27,321,['below']
622,80,47,49,282,['below']
623,80,78,80,512,['above']
624,80,82,84,282,['below']
625,80,93,95,564,['above']
626,80,97,99,625,['above']
627,80,108,110,746,['next']
628,80,112,114,825,['next']
629,80,129,131,361,['next']
630,81,19,21,908,['above']
631,81,34,36,335,['above']
632,81,38,40,332,['above']
633,81,42,44,509,['next']
634,81,66,68,216,['below']
635,81,102,104,617,['below']
636,81,118,120,896,['above']
637,82,6,8,946,['below']
638,82,27,29,657,['below']
639,82,48,50,255,['above']
640,82,54,56,724,['above']
641,82,74,76,830,['above']
642,82,79,81,122,['above']
643,82,133,134,66,['below']
644,83,24,25,15,['next']
645,83,41,43,858,['next']
646,83,59,61,150,['above']
647,83,67,68,91,['above']
648,83,104,106,969,['above']
649,84,9,11,104,['below']
650,84,13,15,870,['below']
651,84,17,19,281,['above']
652,84,37,39,796,['above']
653,84,111,113,853,['above']
654,84,127,129,316,['above']
655,84,132,134,984,['above']
656,85,26,28,288,['above']
657,85,42,43,86,['below']
658,85,50,52,376,['below']
659,85,54,56,804,['below']
660,85,78,80,405,['below']
661,85,83,85,265,['next']
662,86,8,10,152,['above']
663,86,21,23,671,['above']
664,86,36,38,545,['below']
665,86,72,74,549,['below']
666,86,87,88,37,['above']
667,86,99,101,313,['below']
668,86,110,112,110,['below']
669,86,118,120,578,['above']
670,86,123,125,414,['next']
671,87,14,16,496,['below']
672,87,50,52,536,['above']
673,87,55,56,20,['above']
674,87,65,67,471,['below']
675,87,79,81,397,['above']
676,87,92,94,437,['above']
677,87,103,105,996,['above']
678,87,114,115,18,['below']
679,87,127,129,200,['above']
680,88,28,30,308,['below']
681,88,36,38,147,['above']
682,88,42,44,319,['below']
683,88,46,47,12,['below']
684,88,70,72,465,['above']
685,88,88,90,992,['next']
686,88,99,100,71,['above']
687,89,12,14,712,['below']
688,89,23,25,123,['next']
689,89,49,51,629,['next']
690,89,117,119,153,['below']
691,89,122,124,945,['below']
692,90,6,8,340,['next']
693,90,19,21,850,['above']
694,90,38,40,922,['below']
695,90,57,59,812,['above']
696,90,62,64,259,['next']
697,90,66,68,577,['next']
698,90,73,75,452,['next']
699,90,88,90,620,['below']
700,90,92,94,567,['next']
701,90,97,99,784,['below']
702,90,104,106,985,['above']
703,90,108,110,934,['below']
704,90,131,133,280,['below']
705,91,31,33,394,['below']
706,91,43,45,589,['above']
707,91,77,79,191,['above']
708,91,84,86,622,['below']
709,91,122,124,124,['above']
710,92,6,8,764,['below']
711,92,38,40,663,['above']
712,92,56,58,165,['above']
713,92,62,64,318,['below']
714,92,100,102,896,['above']
715,92,105,107,856,['above']
716,93,13,15,705,['below']
717,93,24,26,751,['below']
718,93,29,30,46,['above']
719,93,67,69,698,['below']
720,93,74,76,132,['below']
721,93,87,88,81,['above']
722,93,116,118,264,['below']
723,94,3,5,538,['above']
724,94,42,44,808,['below']
725,94,53,55,166,['below']
726,94,82,84,130,['above']
727,94,93,95,428,['below']
728,95,14,16,803,['above']
729,95,28,30,938,['above']
730,95,46,48,514,['below']
731,95,57,59,430,['next']
732,95,130,132,469,['next']
733,96,9,10,26,['next']
734,96,42,44,473,['above']
735,96,69,70,13,['below']
736,96,77,79,656,['below']
737,96,87,89,242,['next']
738,96,93,95,829,['above']
739,96,102,104,682,['above']
740,96,116,118,594,['above']
741,96,122,124,968,['below']
742,97,3,5,180,['below']
743,97,33,35,131,['below']
744,97,62,64,781,['below']
745,97,82,84,294,['below']
746,97,98,100,990,['below']
747,98,7,9,344,['below']
748,98,19,21,184,['above']
749,98,72,73,42,['below']
750,98,76,78,153,['above']
751,98,114,115,32,['above']
752,98,127,129,303,['above']
753,98,132,134,334,['above']
754,99,11,13,620,['below']
755,99,32,34,821,['above']
756,99,39,41,172,['below']
757,99,46,47,32,['below']
758,99,53,55,470,['below']
759,99,60,62,698,['above']
760,99,94,96,397,['below']
761,99,99,101,301,['above']
762,100,23,25,325,['below']
763,100,82,84,124,['below']
764,100,105,107,827,['below']
765,100,113,115,861,['next']
766,100,124,126,857,['above']
767,100,128,130,876,['below']
768,101,2,4,808,['above']
769,101,28,30,581,['above']
770,101,45,47,644,['above']
771,101,51,51,3,['below']
772,101,54,56,190,['above']
773,101,58,60,607,['below']
774,101,62,64,175,['above']
775,101,70,72,712,['above']
776,101,75,77,724,['above']
777,101,97,99,358,['above']
778,101,110,111,31,['above']
779,101,119,121,270,['below']
780,101,132,134,915,['next']
781,102,15,17,894,['below']
782,102,21,23,453,['above']
783,102,39,41,845,['below']
784,102,105,107,793,['above']
785,102,126,128,914,['next']
786,103,57,58,99,['below']
787,103,60,62,596,['above']
788,103,65,67,597,['next']
789,103,69,71,813,['next']
790,103,79,81,831,['above']
791,103,88,90,261,['next']
792,103,92,93,95,['next']
793,103,120,122,537,['above']
794,103,130,132,302,['above']
795,103,134,136,414,['below']
796,104,3,5,931,['next']
797,104,108,109,65,['below']
798,104,111,113,679,['above']
799,105,7,9,839,['above']
800,105,14,16,644,['below']
801,105,25,27,262,['next']
802,105,34,36,461,['below']
803,105,40,42,424,['below']
804,105,75,77,954,['below']
805,105,91,92,43,['next']
806,105,115,117,778,['below']
807,105,125,127,464,['above']
808,105,134,136,822,['above']
809,106,52,54,706,['below']
810,106,59,61,289,['next']
811,106,68,70,459,['below']
812,106,94,96,234,['above']
813,106,105,106,11,['above']
814,106,120,122,373,['above']
815,107,16,18,620,['next']
816,107,22,24,536,['next']
817,107,30,32,100,['next']
818,107,40,42,907,['above']
819,107,48,50,159,['below']
820,107,63,65,998,['above']
821,107,78,80,832,['above']
822,107,86,88,806,['above']
823,107,108,110,516,['above']
824,108,34,36,268,['above']
825,108,55,57,893,['below']
826,108,67,68,12,['above']
827,108,70,71,86,['below']
828,109,11,13,355,['below']
829,109,23,25,998,['below']
830,109,28,30,630,['below']
831,109,51,53,815,['above']
832,109,84,86,554,['below']
833,109,120,122,861,['above']
834,109,127,129,490,['below']
835,110,5,7,176,['above']
836,110,16,18,513,['below']
837,110,46,48,120,['above']
838,110,55,57,568,['above']
839,110,63,65,314,['next']
840,110,67,69,404,['next']
841,110,72,74,325,['above']
842,110,88,90,662,['below']
843,110,114,116,467,['above']
844,111,10,12,132,['above']
845,111,26,28,677,['above']
846,111,31,33,708,['below']
847,111,51,53,424,['below']
848,111,59,61,715,['above']
849,111,83,85,520,['above']
850,111,123,124,36,['below']
851,111,126,128,410,['above']
852,112,16,18,454,['above']
853,112,37,39,730,['below']
854,112,43,45,401,['next']
855,112,70,72,696,['below']
856,112,87,89,267,['above']
857,112,92,94,802,['next']
858,112,114,116,761,['below']
859,113,12,14,394,['below']
860,113,49,51,650,['above']
861,113,55,57,637,['above']
862,113,120,122,735,['above']
863,113,125,127,154,['below']
864,113,133,135,423,['next']
865,113,137,139,344,['next']
866,114,8,10,458,['below']
867,114,23,25,728,['below']
868,114,39,41,488,['above']
869,114,43,45,435,['below']
870,114,68,70,241,['above']
871,114,83,85,552,['below']
872,114,91,91,9,['below']
873,115,16,17,86,['below']
874,115,19,21,981,['above']
875,115,29,31,633,['above']
876,115,60,62,762,['below']
877,115,72,73,70,['next']
878,115,93,95,837,['above']
879,115,112,113,20,['below']
880,116,1,3,519,['below']
881,116,9,11,652,['above']
882,116,24,26,614,['above']
883,116,55,57,924,['below']
884,116,75,77,663,['above']
885,116,89,91,192,['above']
886,116,97,99,952,['below']
887,116,101,102,25,['above']
888,116,117,119,600,['below']
889,116,127,129,239,['next']
890,116,132,134,381,['above']
891,117,5,7,366,['above']
892,117,15,17,845,['above']
893,117,19,21,512,['below']
894,117,32,34,200,['above']
895,117,43,45,280,['below']
896,117,62,64,207,['above']
897,117,93,95,297,['below']
898,117,106,108,828,['below']
899,117,112,114,249,['above']
900,117,122,124,408,['above']
901,118,1,3,189,['above']
902,118,10,10,5,['below']
903,118,25,27,353,['above']
904,118,36,38,245,['above']
905,118,50,52,153,['below']
906,118,55,57,680,['above']
907,118,72,74,295,['below']
908,118,99,101,296,['above']
909,118,117,119,906,['above']
910,119,6,8,741,['next']
911,119,19,21,466,['above']
912,119,42,44,710,['below']
913,119,59,61,561,['next']
914,119,133,135,909,['above']
915,120,29,31,421,['below']
916,120,63,65,661,['above']
917,120,68,70,103,['above']
918,120,102,104,922,['below']
919,120,107,109,752,['below']
920,120,128,130,431,['below']
921,121,9,11,218,['above']
922,121,25,27,273,['below']
923,121,35,37,130,['below']
924,121,40,42,273,['next']
925,121,44,46,980,['above']
926,121,56,58,656,['above']
927,121,73,75,517,['below']
928,121,78,80,712,['below']
929,121,83,85,578,['below']
930,121,95,97,524,['below']
931,121,137,139,709,['next']
932,122,17,19,442,['above']
933,122,21,23,432,['above']
934,122,31,32,64,['above']
935,122,91,93,534,['above']
936,122,107,109,498,['above']
937,122,123,125,727,['below']
938,122,131,133,434,['above']
939,123,0,2,233,['next']
940,123,4,6,559,['next']
941,123,27,29,869,['above']
942,123,35,37,316,['above']
943,123,66,68,884,['below']
944,123,70,72,731,['below']
945,123,78,80,503,['above']
946,123,97,99,239,['above']
947,123,103,105,499,['below']
948,123,111,112,94,['below']
949,124,8,10,352,['below']
950,124,18,20,231,['below']
951,124,40,42,340,['above']
952,124,48,50,177,['above']
953,124,53,55,584,['below']
954,124,61,63,922,['above']
955,124,74,75,57,['below']
956,124,114,116,349,['next']
957,124,120,122,222,['above']
958,124,126,128,212,['next']
959,125,22,24,981,['next']
960,125,32,34,637,['below']
961,125,57,59,969,['next']
962,125,88,90,601,['below']
963,125,95,97,826,['next']
964,125,101,103,312,['above']
965,126,14,16,205,['below']
966,126,47,49,213,['below']
967,126,63,64,41,['above']
968,126,66,67,64,['above']
969,126,78,79,80,['above']
970,126,84,86,889,['next']
971,126,126,128,702,['next']
972,127,4,6,353,['below']
973,127,33,35,114,['above']
974,127,38,39,97,['above']
975,127,41,43,867,['above']
976,127,97,99,721,['below']
977,127,103,105,395,['below']
978,127,118,120,816,['above']
979,127,136,138,112,['next']
980,128,12,14,367,['above']
981,128,29,31,478,['below']
982,128,45,46,42,['above']
983,128,62,64,947,['below']
984,128,112,114,956,['below']
985,128,130,132,883,['below']
986,129,5,7,870,['above']
987,129,16,18,460,['above']
988,129,51,52,26,['above']
989,129,76,78,960,['below']
990,129,85,87,212,['below']
991,129,91,93,479,['below']
992,129,98,100,422,['above']
993,129,120,122,780,['below']
994,129,125,127,595,['above']
995,130,20,22,978,['next']
996,130,24,26,368,['next']
997,130,31,33,921,['above']
998,130,36,38,760,['next']
999,130,58,60,416,['below']
1000,130,64,66,665,['above']
1001,130,81,83,381,['next']
1002,130,105,107,933,['below']
1003,130,109,111,744,['above']
1004,130,131,133,792,['above']
1005,131,4,5,52,['below']
1006,131,16,18,300,['below']
1007,131,70,72,293,['above']
1008,131,74,76,162,['next']
1009,131,115,117,259,['above']
1010,131,120,122,283,['above']
1011,132,26,28,119,['below']
1012,132,36,38,575,['below']
1013,132,59,61,748,['above']
1014,132,84,86,945,['below']
1015,132,90,92,212,['next']
1016,132,99,101,595,['above']
1017,132,107,109,248,['above']
1018,132,111,113,286,['below']
1019,132,125,127,839,['below']
1020,132,130,132,106,['next']
1021,133,2,4,940,['below']
1022,133,43,45,880,['above']
1023,133,50,52,539,['above']
1024,133,54,56,659,['above']
1025,133,80,82,353,['next']
1026,134,10,12,254,['above']
1027,134,28,30,794,['below']
1028,134,67,69,701,['above']
1029,134,71,73,797,['above']
1030,134,86,88,500,['next']
1031,134,106,107,34,['above']
1032,134,110,112,475,['above']
1033,134,129,131,763,['above']
1034,135,2,4,649,['above']
1035,135,21,23,691,['next']
1036,135,75,77,386,['below']
1037,135,95,96,44,['next']
1038,135,98,100,101,['below']
1039,135,122,124,997,['below']
1040,136,9,11,255,['below']
1041,136,40,42,376,['below']
1042,136,47,49,732,['below']
1043,136,69,71,869,['below']
1044,136,90,92,473,['above']
1045,136,102,104,376,['next']
1046,136,127,129,721,['above']
1047,136,133,135,443,['below']
1048,137,13,15,913,['below']
1049,137,29,31,909,['next']
1050,137,34,36,431,['below']
1051,137,53,55,976,['above']
1052,137,82,84,155,['below']
1053,137,113,115,620,['below']
1054,137,123,125,250,['below']
1055,138,64,65,45,['above']
1056,138,71,73,475,['above']
1057,138,90,91,45,['next']
1058,138,102,104,202,['next']
1059,138,108,110,576,['next']
1060,139,15,17,383,['above']
1061,139,45,47,372,['above']
1062,139,82,84,474,['above']
1063,139,124,126,471,['above']
